{
  "step": 17,
  "kind": "mask_layer_construction",
  "createdAt": "2025-12-22T10:24:59.428Z",
  "inputs": {
    "bladeLocked": "branding/_layers/blade.locked.svg",
    "bladeSha256": "bada6f3ee97c0ea6ef6d76976d96cc2baed4b3491c5db35bcb0f689d076ef5c5"
  },
  "outputs": {
    "maskSvg": "branding/_layers/blade.mask.svg",
    "maskSha256": "10746e74dbbde8618f8d80c97a7a4a38fdf004770235e7712a1f69a077d998da"
  },
  "notes": [
    "Mask is derived from locked blade geometry; no geometry edits are introduced.",
    "All geometry is normalized to white fill for mask usage.",
    "Use mask id 'bladeMask' for clip/mask operations."
  ]
}
