{
  "step": 34,
  "kind": "ios_launch_screen_integration_scaffold",
  "createdAt": "2025-12-22T10:58:11.632Z",
  "assets": [
    {
      "path": "branding/_launch/fallback_png/fallback_1242x2688.png",
      "sha256": "449bd8ac51ec3029b023d06892b95022d83dca71981832434517c5e54af86b7c"
    },
    {
      "path": "branding/_launch/fallback_png/fallback_1080x1920.png",
      "sha256": "5be6edf0cfd3c2f3fc29b7d0d6f0c2a385e8197e2c019005171fe548fdb20b01"
    },
    {
      "path": "branding/_launch/fallback_png/fallback_750x1334.png",
      "sha256": "f26de2de19347eb559e691a8f7691b935ee03e655b3634d0b76013ae24b5d799"
    }
  ],
  "recommended": "branding/_launch/fallback_png/fallback_1242x2688.png",
  "notes": [
    "Static assets only for LaunchScreen.",
    "Native Xcode wiring is performed when iOS shell exists."
  ]
}
