{
  "step": 25,
  "kind": "fallback_splash_export",
  "createdAt": "2025-12-22T10:37:47.479Z",
  "inputs": {
    "bladeMasterPng": "branding/_exports/png/blade_master_2048.png",
    "wordmarkMasterPng": "branding/_exports/png/wordmark_master_2048.png"
  },
  "outputs": [
    {
      "name": "fallback_1080x1920",
      "width": 1080,
      "height": 1920,
      "path": "branding/_launch/fallback_png/fallback_1080x1920.png",
      "sha256": "5be6edf0cfd3c2f3fc29b7d0d6f0c2a385e8197e2c019005171fe548fdb20b01"
    },
    {
      "name": "fallback_750x1334",
      "width": 750,
      "height": 1334,
      "path": "branding/_launch/fallback_png/fallback_750x1334.png",
      "sha256": "f26de2de19347eb559e691a8f7691b935ee03e655b3634d0b76013ae24b5d799"
    },
    {
      "name": "fallback_1242x2688",
      "width": 1242,
      "height": 2688,
      "path": "branding/_launch/fallback_png/fallback_1242x2688.png",
      "sha256": "449bd8ac51ec3029b023d06892b95022d83dca71981832434517c5e54af86b7c"
    }
  ],
  "notes": [
    "Fallback splashes are static and transparent.",
    "Used for reduced-motion, timeout, or low-end device fallback."
  ]
}
